{
  "1": {
    "mean": 0.006413968885047538,
    "enet": 0.006413968885047538,
    "knn": 0.009999024999999998,
    "rf": 0.006233410518496267,
    "mlp": 0.005879209472555255
  },
  "as_of": "2026-06-30",
  "3": {
    "mean": 0.01961319826839827,
    "enet": 0.01961319826839827,
    "knn": 0.04567765,
    "rf": 0.017370672275245545,
    "mlp": 0.019101495760565856
  },
  "6": {
    "mean": 0.039102169270833334,
    "enet": 0.039102169270833334,
    "knn": 0.10707375000000001,
    "rf": 0.035413501097452824,
    "mlp": 0.023126587685744132
  },
  "12": {
    "mean": 0.08208151832460733,
    "enet": 0.08208151832460733,
    "knn": 0.18903615000000001,
    "rf": 0.06604863442145581,
    "mlp": 0.0630135191728517
  }
}